Ensemble,SC,Lasso,MC,MDD
0.9506198138963025,1.5079601785526149,1.2090022470273567,1.3503218566699524,2.059002907982621
1.2593234881978663,1.6313549153427909,2.2249133355331505,2.0496926693114004,2.462384072255464
0.8350681324563715,1.2457403958597764,1.6403299362756332,1.9879561586404995,2.5362964451846697
0.9849539443147941,1.2536871229513509,1.6883947611134846,2.2788854196010955,3.040021371559301
1.2082780927444319,1.5608543748592782,2.021197129805043,2.228377204541992,3.3758368398991596
1.1017475754114059,1.5170116238502451,2.3768569045199883,1.8132775823926455,2.7268912757188097
